{"cameraMode":{"drawMode":0,"name":"Shaded","section":"Shading Mode"},"sceneLighting":true,"audioPlay":false,"sceneViewState":{"showFog":false,"showMaterialUpdate":false,"showSkybox":false,"showFlares":false,"showImageEffects":false,"showParticleSystems":false},"in2DMode":false,"pivot":{"x":224.2430419921875,"y":-278.7017822265625,"z":242.40956115722657},"rotation":{"x":0.21080884337425233,"y":0.0000020266541014279939,"z":0.0000064536511672486089,"w":0.9775458574295044},"size":670.740966796875,"orthographic":true}