{"cameraMode":{"drawMode":0,"name":"Shaded","section":"Shading Mode"},"sceneLighting":true,"audioPlay":false,"sceneViewState":{"showFog":false,"showMaterialUpdate":false,"showSkybox":false,"showFlares":false,"showImageEffects":false,"showParticleSystems":false},"in2DMode":false,"pivot":{"x":224.2430419921875,"y":-278.9243469238281,"z":242.30886840820313},"rotation":{"x":0.21080884337425233,"y":0.0000020266541014279939,"z":0.0000064536511672486089,"w":0.9775458574295044},"size":776.8724975585938,"orthographic":true}