{"cameraMode":{"drawMode":0,"name":"Shaded","section":"Shading Mode"},"sceneLighting":true,"audioPlay":false,"sceneViewState":{"showFog":false,"showMaterialUpdate":false,"showSkybox":false,"showFlares":false,"showImageEffects":false,"showParticleSystems":false},"in2DMode":false,"pivot":{"x":224.24305725097657,"y":-280.0007019042969,"z":241.82199096679688},"rotation":{"x":0.21080884337425233,"y":0.0000020266541014279939,"z":0.0000064536511672486089,"w":0.9775458574295044},"size":894.1451416015625,"orthographic":true}